[
    {
        "id": 1,
        "parentId": null,
        "code": 1,
        "label":"aaaaa",
        "children": [
            {
                "id": 4,
                "parentId": 1,
                "code": 10,
                "label":"bbbbb",
                "children": []
            },
            {
                "id": 5,
                "parentId": 1,
                "code": 11,
                "children": []
            },
            {
                "id": 6,
                "parentId": 1,
                "code": 12,
                "children": [
                    {
                        "id": 9,
                        "parentId": 6,
                        "code": 122,
                        "children": [
                            {
                                "id": 10,
                                "parentId": 9,
                                "code": 1223,
                                "children": [
                                    {
                                        "id": 11,
                                        "parentId": 10,
                                        "code": 12234,
                                        "children": []
                                    }
                                ]
                            }
                        ]
                    }
                ]
            }
        ]
    },
    {
        "id": 2,
        "parentId": null,
        "code": 2,
        "children": [
            {
                "id": 7,
                "parentId": 2,
                "code": 21,
                "children": []
            },
            {
                "id": 8,
                "parentId": 2,
                "code": 23,
                "children": []
            }
        ]
    },
    {
        "id": 3,
        "parentId": null,
        "code": 3,
        "children": [
            {
                "id": 12,
                "parentId": 3,
                "code": 31,
                "children": []
            }
        ]
    }
]